id;comments;category
1;Arey they cousins???;0
1;Bb;0
1;.b ..;0
1;B;0
1;unknown;0
1;smiling_face_with_heart-eyes;1
1;unknown;0
1;Which filter u use please tell;0
1;pleading_face pleading_face;0
1;unknown;0
1;unknown;0
1;red_heart;1
1;unknown;0
2;very 90s raveena tandon photoshoot aura of you;0
2;white_heart sparkles;0
2;unknown;0
2;tariniiii;0
2;loudly_crying_face growing_heart;0
2;unknown;0
2;You may even call me desperate;0
2;loudly_crying_face;0
2;face_with_peeking_eye;0
2;I can just comment (flirt with you) on all your posts whether you see, reply or not;0
2;loudly_crying_face loudly_crying_face;0
2;you are just the gorgeous one;1
2;weary_face weary_face loudly_crying_face loudly_crying_face;0
2;face_holding_back_tears  face_holding_back_tears;0
2;growing_heart growing_heart;0
2;unknown;0
2;unknown;0
2;smiling_face_with_heart-eyes smiling_face_with_heart-eyes smiling_face_with_heart-eyes;1
2;unknown;0
2;unknown;0
2;linked_paperclips linked_paperclips linked_paperclips;0
2;unknown;0
2;Always dreamy;0
2;two_hearts;0
2;unknown;0
2;Slay slayyyyyy;0
2;pinched_fingers_medium_skin_tone sparkles ribbon;0
2;unknown;0
2;Taylor's long distance daughters- @tarini_shah & @the.rebel.kid  heart_hands;0
2;unknown;0
2;fire;1
2;unknown;0
3;unknown;0
3;smiling_face_with_heart-eyes smiling_face_with_heart-eyes smiling_face_with_heart-eyes;1
3;unknown;0
3;unknown;0
3;red_heart red_heart sparkles sparkles;1
3;unknown;0
3;She's so beautiful;0
3;loudly_crying_face loudly_crying_face kiss_mark;0
3;girlll cute sexy chubby I love her so much;0
3;unknown;0
3;red_heart;1
3;unknown;0
3;Come back to Mumbai...we are missing you;0
3;Looking lovely dear;0
3;smiling_face_with_hearts red_heart;1
3;unknown;0
3;So pretty;1
3;sparkles sparkling_heart;0
3;unknown;0
3;So pretty love;1
3;red_heart red_heart;1
3;unknown;0
3;She's so prettyyy;0
3;loudly_crying_face loudly_crying_face red_heart red_heart;1
3;unknown;0
3;just like a movie,no doubt I had fallen for you but you left me with your love and never came back again;1
4;unknown;0
4;red_heart;1
4;unknown;0
4;unknown;0
4;nazar_amulet nazar_amulet nazar_amulet nazar_amulet nazar_amulet;0
4;unknown;0
4;unknown;0
4;fire fire red_heart;1
4;unknown;0
4;unknown;0
4;red_heart red_heart red_heart red_heart;1
4;unknown;0
4;Man really, y’all make anyone famous these days;0
4;Cutiee;0
4;smiling_face_with_heart-eyes;1
4;unknown;0
4;Hiii;0
4;Congratulations!;0
4;I think noone these articles...;0
5;#shahbazkhanworld;1
5;musical_note SOON_arrow;0
5;unknown;0
5;fire;1
5;unknown;0
5;R;0
5;2nd slideeeee >>>>>>>>;0
5;unknown;0
5;smiling_face_with_heart-eyes smiling_face_with_heart-eyes smiling_face_with_heart-eyes;1
5;unknown;0
5;Aap Pasha kaha sa aatha h;0
5;I hateee youuu for being in greece without me;0
5;loudly_crying_face;0
5;unknown;0
5;RAnNDIi;0
6;unknown;0
6;fire fire;1
6;unknown;0
6;But mereko toh bas black cheez dikh rhi h usko utaro na;0
6;face_with_tears_of_joy;0
6;unknown;0
6;How bout buying a personal  beach , obviously at the age of 14;0
6;face_with_tears_of_joy face_with_tears_of_joy face_with_tears_of_joy face_with_tears_of_joy;0
6;unknown;0
6;unknown;0
6;red_heart smiling_face_with_heart-eyes;1
6;unknown;0
6;Gold;0
6;pick;0
6;unknown;0
7;Meri patni @d.dewdropper_ ki maang bhardo bhai.;0
7;unknown;0
7;speaking_head speaking_head speaking_head;0
7;Crescent Bay mentioned rahhhh;0
7;make my sis @__ sakshi0409__ your wife. we are destinguishly rich;0
7;rolling_on_the_floor_laughing;0
7;best comment ever;0
7;rolling_on_the_floor_laughing rolling_on_the_floor_laughing;0
7;, duplicate version of me. they don't say it out loud duh. your mu. m knows;0
7;love this <3;1
7;Bhai, let's meet and make love;0
7;face_blowing_a_kiss face_blowing_a_kiss face_blowing_a_kiss face_blowing_a_kiss;0
7;unknown;0
7;New yt video kab?;0
7;unknown;0
7;smiling_face_with_heart-eyes smiling_face_with_heart-eyes;1
7;unknown;0
8;unknown;0
8;red_heart red_heart;1
8;unknown;0
8;Short king;0
8;tastiest boy here;0
8;unknown;0
8;red_heart red_heart smiling_face_with_heart-eyes smiling_face_with_heart-eyes;1
8;unknown;0
8;10/10 poses;0
8;unknown;0
8;smiling_face_with_heart-eyes fire;1
8;unknown;0
8;we got dev and shreya collab before gta 6;0
8;Dope;0
8;Man posted shreya dayum;0
9;unknown;0
9;smiling_face_with_heart-eyes raising_hands;1
9;unknown;0
9;I am so jealous of everyone around you;0
9;too good to be true;0
9;smiling_face_with_heart-eyes;1
9;unknown;0
9;4th picture is the cutest;0
9;smiling_face_with_hearts brown_heart;0
9;unknown;0
9;unknown;0
9;heart_exclamation;0
9;unknown;0
9;These are some of the best pictures;0
9;I am writing on behalf of Teen Talk Vent, an Instagram account dedicated to providing a safe space for teenagers to express their emotions and seek support. As a teenager myself, I understand the importance of having a platform for venting. We are reaching out to request your support in promoting our cause so that every teenager can benefit from our services. We believe that your voice and influence could make a significant difference in the lives of teenagers who are navigating the complexities of adolescence. Together, we can create a supportive community where young individuals feel empowered to open up about their feelings and seek the help they need.;0
9;Cutuuu;0
9;smiling_face_with_heart-eyes;1
9;face_holding_back_tears  heart_hands;0
9;light_skin_tone;0
9;unknown;0
9;I feel the peace;0
9;dove folded_hands;0
9;unknown;0
9;Blessed you are bhai;0
9;smiling_face_with_heart-eyes red_heart folded_hands_light_skin_tone;1
9;unknown;0
10;Pls stop i just recovered from the karma trauma;0
10;skull;0
10;unknown;0
10;I just threw up in my mouth a little bit;0
10;27 year's old and I still Love you Music and u @itsjojosiwa  your my Favorite Artist;0
10;red_heart;1
10;unknown;0
10;I love you Jojo I've been a Fan of yours since Boomerang;0
10;red_heart red_heart red_heart red_heart red_heart red_heart;1
10;unknown;0
10;Got it Pre-saved I've been  ur fan since you Released Boomerang;0
10;red_heart red_heart red_heart;1
10;I will support u through everything;0
10;Sold her soul;0
10;jojo please can we have a civil conversation i need to tell you so many things please jojo please;0
11;Pee doe activities;0
11;unknown;0
11;star_and_crescent red_heart;1
11;unknown;0
11;Why post the vid with no sound? God I hate you;0
11;HER GAME IS DISGUSTING !! You PERVERT;0
11;No one's talking about Tyler Cameron and how he's 31 and JoJo is 21!!!;0
11;unknown;0
11;unknown;0
11;smiling_face_with_heart-eyes;1
11;unknown;0
12;Uff looks;0
12;smiling_face_with_heart-eyes;1
12;unknown;0
12;Aap pe toh crush aa gya ji;0
12;Please please please marry meeeee;0
12;Pls see my text, heal me face_holding_back_tears;0
12;loudly_crying_face;0
12;unknown;0
12;SIMPPPP FOR YOUU;0
12;loudly_crying_face;0
12;unknown;0
12;Baar baar like krne ka man krtaaa haiiiii;0
12;red_heart loudly_crying_face grinning_cat_with_smiling_eyes;1
12;unknown;0
12;Just so beautiful;0
12;two_hearts loudly_crying_face collision heart_with_ribbon;1
12;unknown;0
12;"The waves ""Are you a wave? Because your beauty leaves me breathless.";0
12;@ruchii_garg got from you;0
12;red_heart;1
12;unknown;0
13;I can't with the cute bowsss;0
13;loudly_crying_face loudly_crying_face ribbon sparkles;0
13;unknown;0
13;Pookie;0
13;ribbon;0
13;unknown;0
13;So pretty;1
13;Stand up everyone the real pookie has arrived;0
13;ribbon;0
13;unknown;0
13;She's such archies;0
13;ribbon;0
13;veronica;0
13;ribbon;0
13;coded omg.  face_holding_back_tears;0
13;ribbon;0
13;unknown;0
13;unknown;0
13;smiling_face_with_heart-eyes smiling_face_with_heart-eyes;1
13;unknown;0
13;Wow so cool;0
13;unknown;0
13;ribbon loudly_crying_face sparkles growing_heart;0
13;unknown;0
13;Pookiew;0
13;you look like envy from inside out;0
13;loudly_crying_face strawberry;0
13;unknown;0
14;bro u should def get your legs waxed in the next yt vdo;0
14;face_with_tears_of_joy loudly_crying_face;0
14;unknown;0
14;unknown;0
14;face_with_tears_of_joy face_with_tears_of_joy;0
14;unknown;0
14;unknown;0
14;red_heart red_heart red_heart red_heart red_heart;1
14;unknown;0
14;High on twink energy;0
14;unknown;0
14;face_with_tears_of_joy face_with_tears_of_joy;0
14;unknown;0
14;Common be honest what did you do after jelly fish stung you?;0
14;Susu kar lo stinger pe;0
14;tu toh mermaid nikla;0
14;and chandler;0
14;rolling_on_the_floor_laughing;0
14;unknown;0
15;Tag me and @adesh_satsangi buddy, we in the background;0
15;face_with_tears_of_joy;0
15;unknown;0
15;face_holding_back_tears  heart_hands;0
15;light_skin_tone nazar_amulet;0
15;unknown;0
15;unknown;0
15;red_heart red_heart red_heart red_heart red_heart red_heart red_heart red_heart;1
15;unknown;0
15;Rk;0
15;unknown;0
15;India India red_heart red_heart;1
15;unknown;0
15;why u so hot;0
15;unknown;0
15;India India India India India;0
15;unknown;0
15;Bhaiiiii;0
15;loudly_crying_face India red_heart;1
15;unknown;0
16;<3333;0
16;@deewaytime ???;0
16;rodrick heffley;0
16;Bro u good u seem to be bleeding;0
16;HOW DO I TEXT U WTFF;0
16;Roderick's Indian version;0
16;unknown;0
16;crying_face;0
16;unknown;0
16;U look angrej ka dalal;0
16;LG QHD TV;0
16;Too much insecurity;0
17;To the hardest goodbye!;0
17;Too good;0
17;sparkles sparkles sparkles sparkles;0
17;unknown;0
17;Three girls in one frame 3/10;0
17;face_with_tears_of_joy;0
17;unknown;0
17;Patrick bateman;0
17;Hottieee;0
17;"You know you love me, I know you care (Yo, uh-huh)
Just shout whenever and I'll be there (Yo, uh-huh)
You are my love, you are my heart (Yo, uh-huh)
And we will never, ever, ever be apart (Yo, uh-huh)
Are we an item? Girl, quit playing (Yo, uh-huh)
We're just friends, what are you saying? (Yo, uh-huh)
Said, ""There's another"" and looked right in my eyes (Yo, uh-huh)
My first love broke my heart for the first time, and I was like (Yo, uh-huh)
[Justin Bieber";0
17;"]
Baby, baby, baby, oh
Like baby, baby, baby, no
Like baby, baby, baby, oh
Thought you'd always be mine, mine
Baby, baby, baby, oh
Like baby, baby, baby, no
Like baby, baby, baby, oh
Thought you'd always be mine, mine
[Justin Bieber (Ludacris)";0
17;"]
Oh, for you, I would've done whatever (Yo, uh-huh)
And I just can't believe we ain't together (Yo, uh-huh)
And I wanna play it cool, but I'm losing you (Yo, uh-huh)
I'll buy you anything, I'll buy you any ring (Yo, uh-huh)
And I'm in pieces, baby, fix me (Yo, uh-huh)
And just shake me 'til you wake me from this bad dream (Yo, uh-huh)
I'm going down, down, down, down (Yo, uh-huh)
And I just can't believe my first love won't be around, and I'm like
[Justin Bieber";0
17;"]
Baby, baby, baby, oh
Like baby, baby, baby, no
Like baby, baby, baby, oh
Thought you'd always be mine, mine
Baby, baby, baby, oh
Like baby, baby, baby, no
Like baby, baby, baby, oh
Thought you'd always be mine, mine
[Ludacris";0
17;"]
(Luda) When I was thirteen, I had my first love
There was nobody that compared to my baby, and nobody came between us nor could ever come above
She had me going crazy, oh, I was starstruck
She woke me up daily, don't need no Starbucks (Woo)
She made my heart pound, and skip a beat
When I see her in the street
And at school on the playground, but I really wanna see her on the weekend
She knows she got me dazing
'Cause she was so amazing
And now my heart is breaking
But I just keep on saying
[Justin Bieber";0
17;"]
Baby, baby, baby, oh
Like baby, baby, baby, no
Like baby, baby, baby, oh
Thought you'd always be mine, mine
Baby, baby, baby, oh
Like baby, baby, baby, no
Like baby, baby, baby, oh
Thought you'd always be mine, mine
I'm gone (Yeah-yeah-yeah, yeah-yeah-yeah)
Now I'm all gone (Yeah";0
17;@_ishaan01__ says hi;0
17;Happy Prom dayy;0
17;red_heart fire;1
17;unknown;0
18;RODRICK HEFFLEY WHO;0
18;نستسمحك;0
18;1st picture is too cute!;0
18;smiling_face_with_hearts;0
18;unknown;0
18;5th photo is;0
18;fire clown_face;1
18;unknown;0
18;unknown;0
18;fire red_heart;1
18;unknown;0
18;AHHH;0
18;loudly_crying_face;0
18;<3;1
18;unknown;0
18;smiling_face_with_heart-eyes smiling_face_with_heart-eyes;1
18;unknown;0
18;wow looking good;0
18;grinning_face_with_sweat;0
18;unknown;0
18;Sharma lagana Bhool gaya tu apne Naam par;0
18;face_with_tears_of_joy;0
18;unknown;0
19;Ohh Disneyland;0
19;pleading_face red_heart;1
19;unknown;0
19;unknown;0
19;smiling_face_with_heart-eyes;1
19;co cute;0
19;So so cuteeee;0
19;So cute  heart_hands;0
19;medium-light_skin_tone nazar_amulet;0
19;unknown;0
19;unknown;0
19;smiling_face_with_heart-eyes smiling_face_with_heart-eyes smiling_face_with_heart-eyes;1
19;unknown;0
19;unknown;0
19;growing_heart growing_heart growing_heart;0
19;unknown;0
19;So cute;0
19;growing_heart growing_heart;0
19;unknown;0
19;unknown;0
19;growing_heart thumbs_up_light_skin_tone;0
19;unknown;0
19;Looking so beautiful and hotty gorgeous looks .;1
19;red_heart red_heart red_heart red_heart growing_heart growing_heart growing_heart;1
19;unknown;0
20;unknown;0
20;red_heart red_heart;1
20;unknown;0
20;U edited it like some poster of 2000's romcom;0
20;It infact has been waiting for you madame;0
20;Diet mountain dew baby newyork city , never was a girl ever so pretty;0
20;sunflower;0
20;unknown;0
20;Mumbai;0
20;red_heart;1
20;unknown;0
20;Made me feel so many emotions. This is what photography is and what I would like to do more.;0
20;growing_heart growing_heart smiling_face_with_hearts pleading_face;0
20;unknown;0
20;Damn your smile;0
20;red_heart weary_face;1
20;unknown;0
20;Slayyy motherrr;0
20;raising_hands fire;1
20;heart_hands;0
20;light_skin_tone collision collision;1
20;unknown;0
20;@_priyyaaa30 i want her;0
20;cowboy_hat_face;0
20;unknown;0
21;unknown;0
21;smiling_face_with_heart-eyes;1
21;unknown;0
21;Shirt h&m se liya hai isne;0
21;loudly_crying_face loudly_crying_face;0
21;unknown;0
21;unknown;0
21;red_heart red_heart;1
21;unknown;0
21;unknown;0
21;red_heart red_heart red_heart;1
21;unknown;0
21;In first picture i thought it was your dad;0
21;For a sec thought Ayesha khan;0
21;face_with_tears_of_joy;0
21;unknown;0
21;Badmash ne editing ki hai Juhu mai hai badmash . Bade tej horahe ho;0
21;zany_face smirking_face;0
21;unknown;0
21;Hn krlo bodmaashi Bali mein;0
21;sloth ribbon;0
21;unknown;0
21;Og badmash company;0
21;Photoshop;0
22;Hi;0
22;Did you really forget that your broadcast exists;0
22;loudly_crying_face loudly_crying_face loudly_crying_face;0
22;??;0
22;Dream;0
22;Can you follow me back @devraiyanii ??;0
22;Great photos;0
22;so cute;0
22;Himmmm;0
22;i couldn’t be there;0
22;loudly_crying_face loudly_crying_face;0
22;unknown;0
23;ye GTA wala hai na\;0
23;Live your life the way a best life should be living girrl;0
23;brown_heart;0
23;unknown;0
23;Nicee;0
23;So cute;0
23;6 slide damn;0
23;Cute outfit  heart_hands;0
23;light_skin_tone;0
23;unknown;0
23;Umm Beautiful;0
23;tulip;0
23;unknown;0
23;Omg shorts from ????;0
23;i only lived these moments through GTA 5;0
23;Living;0
23;blue_heart;0
23;unknown;0
24;birddy feels;0
24;bird;0
24;‍;0
24;black_large_square black_heart;0
24;unknown;0
24;Random gc ?;0
24;1,2,3,4,5,6,8;0
24;2050.  7;0
24;2016;0
24;goblin;0
24;unknown;0
24;unknown;0
24;prince_light_skin_tone;0
24;heart_hands;0
24;light_skin_tone;0
24;unknown;0
24;Random gc  face_holding_back_tears;0
24;unknown;0
24;fire;1
24;unknown;0
24;tutorial give;0
24;Weeknd Ahh Creative;0
24;fire clapping_hands;1
24;unknown;0
24;saras post;0
24;check_mark_button;0
24;unknown;0
24;7/8;0
24;palms_up_together_medium-light_skin_tone;0
24;unknown;0
25;Lifafa nahi bhai please;0
25;unknown;0
25;fire;1
25;unknown;0
25;unknown;0
25;red_heart red_heart red_heart red_heart;1
25;unknown;0
25;Youre so damm fine;0
25;smiling_face_with_heart-eyes face_exhaling;1
25;unknown;0
25;The fact that you said heart @realhimesh;0
25;smiling_face victory_hand;0
25;unknown;0
25;Why are you wearing mouny Roy on your shirt!?;0
25;face_with_tears_of_joy;0
25;unknown;0
25;Ur smile;0
25;red_heart fire smiling_face_with_heart-eyes;1
25;..;0
25;Bhai Lifafa Ko Mainstream Karke Manega Tu;0
25;pensive_face;0
25;unknown;0
25;unknown;0
25;chart_increasing rocket;0
25;unknown;0
25;Wait..why he kinda…;0
26;Last slide, very insightful. So smurt. Congratulationzz;0
26;6;0
26;I thought your real name was arusha reddy ramanathan for a sec there;0
26;unknown;0
26;smiling_face_with_heart-eyes smiling_face_with_heart-eyes smiling_face_with_heart-eyes;1
26;unknown;0
26;Computer science graduated Manoj;0
26;Bro Mera KoumPter theek kardooo?;0
26;where is it?@gxuriii.05;0
26;@gamor_11 LA;0
27;I had a crush on tht biscuit guy since forever… I couldn’t hv ever guessed that’s gonna be him;0
27;smiling_face_with_heart-eyes face_with_tears_of_joy;1
27;unknown;0
27;Yo I was born in 2007;0
27;exploding_head;0
27;unknown;0
27;"So you were the one whom I saw and thought ""ye ldka kitna cute hai"" when I was 6!!";0
27;I knew I had seen you somewhere;0
27;Bhai tu bachpan se star;0
27;Bro is a star;0
27;unknown;0
27;fire;1
27;unknown;0
27;@barkha_shuklaaa muh ki bat chhin li;0
27;@barkha_shuklaaa request accept krlo yar;0
28;The lights;0
28;loudly_crying_face sloth pinched_fingers_light_skin_tone fire fire;1
28;unknown;0
28;crazy post;0
28;unknown;0
28;face_with_tears_of_joy;0
28;gosh;0
28;Biggishhhh;0
28;yes;0
28;Living my dream;0
28;Which reel;0
28;I'm so jealous;0
28;angelic;0
28;How does it feel to live my dream life;0
29;Dev , it’s time to buy an electric guitar and learn how to play it.;0
29;woah;0
29;this would look so cool on a tee!!;0
29;HIl there, pls speak about Palestine, how there is a literal genocide taking place as we speak. just one post to inform the people of India, and other places. Innocent children, elderly, and family are currently being wiped out. PLS HELP FOR THE SAKE OF HUMANITY, if u want to know more pls search on google and there are plenty of web pages telling us the current situation. There are many donation websites such as gofundme this is an authorised donation centre. pls even $1 will help a child in Gaza. Pls i really value ur work. This would mean so much. PLS HELP OUT.;0
29;Palestinian_Territories Palestinian_Territories Palestinian_Territories red_heart;1
29;unknown;0
29;valorant new agent;0
29;@wizard_bisan1 follows you please tune in please raise awareness please use your platform;0
29;folded_hands;0
29;unknown;0
29;3rd pic is OP;0
29;unknown;0
29;fire fire;1
29;unknown;0
29;Biryani ka ekadam Dam Nikal Diya;0
29;smiling_face_with_heart-eyes;1
29;unknown;0
29;See D M;0
29;);0
30;unknown;0
30;smiling_face_with_heart-eyes smiling_face_with_heart-eyes smiling_face_with_heart-eyes purple_heart purple_heart OK_hand OK_hand OK_hand;1
30;look so stunning and gorgeous in purple with cute smile;1
30;Made a private just to comment on your posts pookie;0
30;ribbon;0
30;unknown;0
30;It's time now;0
30;unknown;0
30;raising_hands;0
30;unknown;0
30;Good jeans;0
30;jeans;0
30;unknown;0
30;Girl;0
30;cross_mark;0
30;angel;0
30;check_mark_button;0
30;unknown;0
30;Cutiee asff;0
30;ribbon growing_heart tulip raising_hands;0
30;unknown;0
30;unknown;0
30;crying_face;0
30;unknown;0
30;@ritisha_patra tu gyi thi na shimla;0
31;Gross!!!;0
31;unknown;0
31;unknown;0
31;I feel insafe;0
31;Wtf cen you Not Show that;0
31;eyes;0
31;unknown;0
31;bro went from;0
31;rainbow;0
31;unknown;0
31;ribbon nail_polish;0
31;to;0
31;supervillain_medium-light_skin_tone black_heart pirate_flag;0
31;unknown;0
31;the silence of her dancing to Karma again;0
31;Que feo tu tatu;0
31;(;0
31;Du sind ein Mann;0
32;O dear just like stop posting;0
32;unknown;0
32;I hate you;0
32;rolling_on_the_floor_laughing;0
32;unknown;0
32;Ewwwwwwww;0
32;One time my sister and I got a cameo with Jojo for our nieces 5th birthday in 2020. Is it too late to get a refund?;0
32;Youre literally crotch grabbing in front of children like i get you want to be grown but like there’s a time and place and you can release your perve ass videos and it’s up to the parents to keep their kids away but you do it on stage after pointing to a 6 year old and then grab yourself you’re basically a pedophile;0
32;It’s weird how she’s tryin to be so “adult” and just ends up acting more like a child;0
32;This is why Chicago sucks.;0
32;Boooooo pride sucks just like you.  Boooooo;0
33;4th is my personal fav;0
33;pleading_face;0
33;unknown;0
33;Beautiful onlyyyyy>>>;0
33;loudly_crying_face red_heart;1
33;@tarini_shah;0
33;Jeans from ? @tarini_shah;0
33;aesthetic  hand_with_index_finger_and_thumb_crossed;0
33;medium-light_skin_tone;0
33;unknown;0
33;unknown;0
33;face_blowing_a_kiss yellow_heart;0
33;unknown;0
33;unknown;0
33;fire fire fire;1
33;unknown;0
33;unknown;0
33;red_heart red_heart red_heart;1
33;unknown;0
33;unknown;0
33;fire;1
33;unknown;0
33;You forgot to tie your laces Madame;0
33;unknown;0
33;red_heart red_heart red_heart;1
33;unknown;0
34;Watched more than;0
34;infinity;0
34;unknown;0
34;Moti sali;0
34;unknown;0
34;love-you_gesture sign_of_the_horns;1
34;unknown;0
34;unknown;0
34;red_heart;1
34;unknown;0
34;unknown;0
34;red_heart red_heart red_heart red_heart red_heart;1
34;unknown;0
34;areh ye toh pookie hai;0
34;face_savoring_food disappointed_face ribbon;0
34;unknown;0
35;cutieeee;0
35;smiling_face_with_heart-eyes;1
35;unknown;0
35;Top?;0
35;@dhruvnessss moti;0
35;pig pig_face;0
35;unknown;0
35;unknown;0
35;fire fire smiling_face_with_heart-eyes;1
35;unknown;0
35;Konsa filter hai;0
35;Mujhe pyaar hojaega. Hojaega kya hogya.;0
35;I wish I could smell your armpits;0
35;Sunshine girl;0
35;heart_with_ribbon;0
35;unknown;0
35;Love that glow!;0
35;Top from?;0
36;Cuteness;0
36;unknown;0
36;red_heart;1
36;wow;0
36;y so seriouss vroo;0
36;grinning_face_with_sweat sparkles;0
36;unknown;0
36;Very cute;0
36;thumbs_down thumbs_down thumbs_down thumbs_down;0
36;unknown;0
36;YOURE SO PRETTY;0
36;EXCUSE ME??!;0
36;Wow;0
36;Thoda muskura bhi diya karo;0
36;fire;1
36;unknown;0
36;I thought this was Brent Rivera for a second;0
37;unknown;0
37;red_heart smiling_face_with_heart-eyes;1
37;@ishaanvohraa;0
37;Who tf is pee?;0
37;Wtf you so pretty (not in simp way);0
37;Why is this guy so pretty;1
37;@just_kiro lmao from a show - euphoria;0
38;unknown;0
38;face_with_tears_of_joy face_with_tears_of_joy face_with_tears_of_joy face_with_tears_of_joy;0
38;unknown;0
38;Last pic mein to chair bina chair person hai;0
38;face_with_tears_of_joy;0
38;unknown;0
38;@ishaaarth we do 4th photu;0
38;What's Tonight?;0
38;@_.dhruty8802._ simp wtf;0
38;@lol_sidd_ dont be jealous baba;0
39;2nd pic;0
39;face_with_tears_of_joy;0
39;girls expression says it all;0
39;You resemble @ishaankhatter stronglyyy;0
39;unknown;0
39;red_heart;1
39;unknown;0
39;Check DM for an urgent collab;0
39;OIII REELS BANANA YARRR PLS;0
39;smiling_face_with_hearts;0
39;unknown;0
39;Is this madness.. CrAzy.. Called GENZ?;0
39;ishaan falls in love with himself and fights with himself for himself #plot;1
39;student of the year 3 is releasing and the 1st pic is the poster;0
39;weary_face;0
39;#solo;1
39;unknown;0
39;smiling_face_with_hearts smiling_face_with_hearts;0
39;unknown;0
39;im on Ishaan Vohras main omg;0
39;face_screaming_in_fear;0
39;unknown;0
40;Is that Dagshai?;0
40;Cute;0
40;smiling_face_with_heart-eyes;1
40;unknown;0
40;Can I ask aquestion to you.;0
40;I knew it i knew it ,it was u in tht ad;0
40;loudly_crying_face loudly_crying_face loudly_crying_face loudly_crying_face red_heart;1
40;unknown;0
40;Intezaar of people start taking photos with you;0
40;camera_with_flash;0
40;unknown;0
40;Arre so sundar;0
40;weary_face;0
40;unknown;0
40;Not the Spotify ad;0
40;loudly_crying_face;0
40;unknown;0
40;@jeez.shreya;0
40;Bruise on your knee;0
41;Cringe;0
41;You look stunning;0
41;hundred_points;0
41;unknown;0
41;Check DM for something exciting;0
41;watermelon;0
41;unknown;0
41;unknown;0
41;smiling_face_with_heart-eyes smiling_face_with_heart-eyes smiling_face_with_heart-eyes smiling_face_with_heart-eyes fire fire fire red_heart red_heart red_heart;1
41;unknown;0
41;who are u flirting with this is so embaradsig for y;0
41;was that a bird or a plane;0
41;Real I'd se aa aryan Khan;0
41;Hey, we have a very exciting event coming up. Kindly check your DMs;0
41;);0
41;Bro how are your chashmas floating?;0
41;@aryaan_patel67  is impersonating you;0
42;unknown;0
42;fire fire;1
42;unknown;0
42;I like your insAllah part;0
42;smiling_face_with_heart-eyes;1
42;unknown;0
42;InshaAllah;0
42;Insha Allah;0
42;unknown;0
42;clapping_hands clapping_hands clapping_hands clapping_hands raising_hands;0
42;unknown;0
42;unknown;0
42;FREE_button FREE_button FREE_button FREE_button FREE_button FREE_button FREE_button FREE_button FREE_button FREE_button FREE_button FREE_button FREE_button FREE_button FREE_button FREE_button FREE_button FREE_button FREE_button FREE_button FREE_button FREE_button FREE_button FREE_button FREE_button FREE_button FREE_button FREE_button Palestinian_Territories Palestinian_Territories Palestinian_Territories Palestinian_Territories FREE_button FREE_button FREE_button FREE_button FREE_button FREE_button FREE_button FREE_button FREE_button FREE_button FREE_button FREE_button FREE_button FREE_button FREE_button FREE_button FREE_button FREE_button FREE_button FREE_button FREE_button FREE_button FREE_button FREE_button FREE_button FREE_button FREE_button FREE_button FREE_button FREE_button FREE_button FREE_button FREE_button FREE_button FREE_button FREE_button FREE_button FREE_button FREE_button FREE_button FREE_button FREE_button FREE_button FREE_button FREE_button FREE_button FREE_button;0
42;unknown;0
42;unknown;0
42;fire clapping_hands_medium-dark_skin_tone clapping_hands_medium-dark_skin_tone clapping_hands_medium-dark_skin_tone clapping_hands_medium-dark_skin_tone clapping_hands_medium-dark_skin_tone;1
42;unknown;0
42;Aamiin;0
42;smiling_face_with_heart-eyes;1
42;unknown;0
42;unknown;0
42;red_heart red_heart red_heart red_heart red_heart red_heart;1
42;unknown;0
42;@martinygu91 noooooo frrrrrrrrrrr let's go watch it together when it come out;1
42;face_with_tears_of_joy red_heart;1
42;unknown;0
43;I want to make my own too can u please tell about it;0
43;beaming_face_with_smiling_eyes;0
43;unknown;0
43;"There's a visually similar looking webtoon called ""there are no demons"" have a quick peak on that";0
43;Yani ki??;0
43;Iwantyoutomakemydesigntoo;0
43;red_heart;1
43;unknown;0
43;im scared;0
43;this fucks immensely;0
43;Are u still doing CS;0
43;face_with_tears_of_joy;0
43;?;0
43;looking borderline mitthu don;0
43;Reply to my email bro;0
43;loudly_crying_face;0
43;unknown;0
44;The most basic ass project in NLP but well, at least you did something so that's good job!;0
44;Msg karo;0
44;Handsome;0
44;smiling_face_with_heart-eyes;1
44;unknown;0
44;So is no one gonna talk about the pubic trust?;0
44;Tum aunties ki daaru party mein invite maang rhe thhe na, dekha maine!!;0
44;moustache dev is giving dharavi gunda vibes;0
44;Do u cross reference information based on other news sources or do u exploit writing styles in training data?;0
44;So project pic is for you still doing CS, have any idea what __init__() is?;0
44;Pubic trust;0
44;Solid problem to solve, love the idea of the project, much needed indeed;0
45;No Talent, Horrible Performance, Yells out at other performers concerts, can't take a boooo from audience. She's trying to be old school Miley Cyrus. Only difference is that Miley can sing, Likeable, knew how to push buttons but keep it with talent. Lord what an attention seeker;0
45;clown_face;0
45;unknown;0
45;8th bro is tryna be hot;0
45;face_with_tears_of_joy;0
45;unknown;0
45;Corporate Pride;0
45;Love this outfit!!;0
45;fire smiling_face_with_heart-eyes red_heart;1
45;unknown;0
45;unknown;0
45;You rock those clothes JoJo;0
45;Hey u song stealer;0
45;@itsjojosiwa I like your costume;0
46;Why she dressed like that;0
46;@itsjojosiwa You have issues. I really don’t know what your problem is these days.;0
46;unknown;0
46;Pizza gate;0
46;Another Miley pose-give it up;0
46;Is this a guy;0
46;I hungry;0
46;jojo u jus made my day;0
46;beaming_face_with_smiling_eyes;0
46;unknown;0
46;trust me I want to miss out;0
46;Why are people like you famous? You’re an idiot;0
47;Happy Birthday;0
47;I remember my first beer;0
47;Disney ears.....100% grooming. If you're a parent and don't agree you're oblivious.;0
47;KAAAARMA A BBBBBB;0
47;IMM YOUR BIGGEST FAAAAN;0
47;unknown;0
47;face_blowing_a_kiss face_blowing_a_kiss face_blowing_a_kiss face_blowing_a_kiss face_blowing_a_kiss;0
47;unknown;0
47;unknown;0
47;fire fire fire;1
47;unknown;0
47;@siomyflawless ur joking;0
48;please block me;0
48;Buying these noodles rn rn;0
48;goddamn;0
48;god damn hahahaha.;0
48;ishaan im so mf proud of you actually;0
48;these are actually v tasty;0
48;Flight nostalgia;0
48;Once upon a time Ishan used to post “funny” reels;0
49;<<3;0
49;That confident smile completes the picture perfectly;0
49;hundred_points red_heart;1
49;unknown;0
49;9/10 is the visual representation of what we say “men in suits;0
49;face_exhaling;0
49;”;0
49;unknown;0
49;red_heart red_heart raising_hands;1
49;unknown;0
49;Sasta deeway;0
49;moai;0
49;unknown;0
49;Stepmom ummmm;0
49;@_riddhi_uppal shaadi scenes with me when;0
49;Mans is so damn beautiful;1
49;pleading_face pinched_fingers_medium_skin_tone;0
49;unknown;0
49;@_a_v_e_y_ blockbuster movie avi bhai;0
50;you in a black kurta>>>>>>;0
50;smiling_face_with_heart-eyes;1
50;unknown;0
50;You are looking very handsome in kurta.;0
50;smiling_face_with_heart-eyes smiling_face_with_heart-eyes;1
50;unknown;0
50;this is my favourite picture of u;0
50;Kuttta;0
50;face_with_open_mouth;0
50;unknown;0
50;Hairstyle tutorial when;0
50;unknown;0
50;fire;1
50;unknown;0
50;unknown;0
50;smiling_face_with_heart-eyes smiling_face_with_heart-eyes smiling_face_with_heart-eyes;1
50;unknown;0
50;Please check your inbox;0
50;Cute;0
50;smiling_face_with_heart-eyes;1
50;unknown;0
51;unknown;0
51;red_heart red_heart red_heart red_heart;1
51;unknown;0
51;@thasifig___;0
51;GOD IS A WOMAN and it's definitely you.;0
51;Pookie I got you ye konsa filter hai iska naam bata do aur Instagram ka hi hai na;0
51;winking_face_with_tongue;0
51;unknown;0
51;Jaanvi Kapoor without lip filler;0
51;raising_hands red_heart;1
51;unknown;0
51;unknown;0
51;white_heart white_heart;0
51;unknown;0
51;Saree ki hi izzat rkh leti bhen;0
51;@_a.ananyyaa omg;0
51;smiling_face_with_heart-eyes smiling_face_with_heart-eyes;1
51;unknown;0
52;Amaterasu;0
52;Eru desu ka ?;0
52;Re saale pagal;0
52;@its.swati.here crush update. Ok by.;0
53;Life goes .. On n on n on n on n ln;0
53;Onion;0
53;place_of_worship wind_face;0
53;unknown;0
53;unknown;0
53;onion onion onion onion onion;0
53;unknown;0
53;Life goes on;0
53;Down the hill;0
53;broken_heart;0
53;unknown;0
53;Out;0
53;Yesss just move forward... anyways look Cute here;0
53;cherry_blossom;0
53;unknown;0
54;unknown;0
54;red_heart red_heart;1
54;unknown;0
54;unknown;0
54;smiling_face_with_heart-eyes smiling_face_with_heart-eyes;1
54;unknown;0
54;Super;0
54;Random gc? Dm;0
55;Tanee don’t show;0
55;crying_face;0
55;unknown;0
55;Aah look at the pinned tweet but girl doesn't wanna speak about sindhi hindu girls who forcefully converted in pakistan and literally roams around with pakistanis;0
55;face_vomiting face_vomiting;0
55;unknown;0
55;unknown;0
55;red_heart red_heart;1
55;unknown;0
55;unknown;0
55;fire fire fire;1
55;unknown;0
55;unknown;0
55;smiling_face_with_heart-eyes smiling_face_with_heart-eyes;1
55;unknown;0
55;unknown;0
55;white_heart;0
55;unknown;0
55;@tanya_prvttt;0
56;jacket from?;0
56;You go girl!! You are literally living my dreams! I am so happy to see you travelling! Be the best;0
56;When you realise that your country is most the beautiful place on planet;0
56;ringed_planet;0
56;unknown;0
56;growing_heart red_heart;1
56;@the.rebel.kid;0
56;unknown;0
56;red_heart loudly_crying_face;1
56;unknown;0
56;unknown;0
56;growing_heart loudly_crying_face;0
56;unknown;0
56;Cute;0
56;red_heart;1
56;unknown;0
56;for some reason jatin merko buddy kam bunny zada lagne laga hai;0
56;ribbon;0
56;unknown;0
56;unknown;0
56;growing_heart growing_heart;0
56;unknown;0
56;Read the caption and thought I'll tag you @manalishah_;0
57;Can you drop a link of red Zara dress pls.. loved it;0
57;red_heart;1
57;unknown;0
57;Hiii;0
57;Uhh so cute i know uhh text me;0
57;loudly_crying_face;0
57;unknown;0
57;Uhh so cute i know uhh text me;0
57;loudly_crying_face;0
57;unknown;0
58;귀여운;0
58;raising_hands;0
58;unknown;0
58;Good;0
58;beating_heart;0
58;morning;0
58;Hot.luking.jaan;0
58;fire fire fire;1
58;.love.you.tu;0
58;smiling_face_with_heart-eyes smiling_face_with_heart-eyes smiling_face_with_heart-eyes;1
58;unknown;0
58;unknown;0
58;fire fire;1
58;unknown;0
58;Pretty bbg;1
58;loudly_crying_face white_heart;0
58;unknown;0
58;I'M IN LOVE WITH YOUR OUTFIT;0
58;white_heart white_heart white_heart white_heart smiling_face_with_heart-eyes smiling_face_with_heart-eyes;1
58;unknown;0
58;unknown;0
58;red_heart fire;1
58;unknown;0
58;sooo cute;0
58;ribbon ribbon ribbon;0
58;unknown;0
58;Which place is this;0
58;red_heart;1
58;unknown;0
59;Congratulations!!!!!;0
59;clapping_hands party_popper;0
59;unknown;0
59;Oooh! I just realised that you and my cousin went to the same school and graduated on the same day;0
59;raising_hands;0
59;unknown;0
59;the saree looks unreal;0
59;smiling_face_with_heart-eyes;1
59;unknown;0
59;soosoo beautiful congratulations cutieee!!! face_holding_back_tears;0
59;red_heart red_heart;1
59;unknown;0
59;Muje tum most most most most most beautiful girl in the world;0
59;globe_showing_Europe-Africa woman_dancing heart_suit;0
59;lagti ho;0
59;Advertisement me bhi graduation hoti hai !?;0
59;Congratulations;0
59;party_popper party_popper party_popper;0
59;unknown;0
59;Congratulations;0
60;6/9 9/9;0
60;red_heart;1
60;unknown;0
60;gimme ur outfits;0
60;hiii girl, you should definitely create a reel about funngro, it will help out your teen audience tremendously ,,please check it out;0
60;Adorbbbbbbbbbb;0
60;purple_heart;0
60;unknown;0
60;See my memes pagee;0
60;fire;1
60;unknown;0
60;Ye to mr bean wala food hein,;1
60;smiling_face_with_heart-eyes;1
60;unknown;0
60;Lovely;0
60;red_heart fire fire;1
60;unknown;0
60;Cutest;0
60;@taneesho aap thoda nakhre kaam karo;0
61;Hey, where's your jacket from in the 6th slide?;0
61;"The Porsche 911 is an iconic sports car known for its distinctive rear-engine layout and timeless design.

Since its debut in 1964, it has evolved through multiple generations while maintaining core features like the sloping roofline and round headlights.

Renowned for its performance and driving dynamics, the 911 offers a range of models from the base Carrera to high-performancefrom the base Carrera to high-performance variants like the Turbo and GT3.

It also boasts a rich motorsport legacy, having competed successfully in events like the 24 Hours of Le Mans and the Monte Carlo Rally.";0
61;Big pom pom;0
61;hot_face fire;1
61;unknown;0
61;unknown;0
61;fire fire;1
61;unknown;0
61;Black one;0
61;black_heart black_heart;0
61;unknown;0
61;Love this!;0
61;white_heart;0
61;unknown;0
61;SLAYED;0
61;"Men scroll 
Men Stop 
Men watch 
Men think of her as a girlfriend 
Men thought ""aukat ki bahar""
Men leave 
Men scroll again";0
61;Where's your jeans from?!;0
61;red_heart;1
61;unknown;0
61;Last cargos from ?;0
62;Beautiful;0
62;fire red_heart;1
62;unknown;0
62;unknown;0
62;fire;1
62;unknown;0
62;unknown;0
62;smiling_face_with_heart-eyes smiling_face_with_heart-eyes smiling_face_with_heart-eyes smiling_face_with_heart-eyes;1
62;unknown;0
62;Deets?;0
62;Link;0
62;Love the fitssss;0
62;Take me;0
62;Outfits always slay;0
62;Link;0
63;You look like ape isn’t you?;0
63;Dreamyyy;0
63;loudly_crying_face;0
63;unknown;0
63;Time to update celebrity crush;0
63;speaking_head nail_polish_medium-light_skin_tone;0
63;unknown;0
63;U r very pretty;1
63;growing_heart;0
63;unknown;0
63;unknown;0
63;palm_tree comet;0
63;unknown;0
63;you;0
63;fire fire pinched_fingers pinched_fingers pinched_fingers;1
63;unknown;0
63;Love;0
63;red_heart;1
63;unknown;0
63;Mumbai trip krni h ab soon @vaasavi_chunduru;0
63;heart_hands;0
63;light_skin_tone sparkles tulip sparkling_heart;0
63;unknown;0
63;Pretty;1
63;smiling_face_with_hearts smiling_face_with_hearts;0
63;unknown;0
64;unknown;0
64;fire fire;1
64;unknown;0
64;Wow! Stunning;0
64;fire fire fire;1
64;unknown;0
64;dress link?;0
64;unknown;0
64;red_heart smiling_face_with_heart-eyes;1
64;unknown;0
64;Met galaa ??;0
64;loudly_crying_face;0
64;unknown;0
64;Giving the total The vampire diaries vibe;0
64;Your dress is similar to Elena's dreas from tvd . When she danced with Damon. All i could remember that scene from tvd whenever i watch you with this dress. And you are looking effortlessly beautiful;1
64;blue_heart;0
64;unknown;0
65;Where did you get these cargos from??;0
65;unknown;0
65;fire;1
65;unknown;0
65;Nice;0
65;The girl can dress;0
65;Outfits heart_hands;0
65;light_skin_tone;0
65;unknown;0
65;Ahhhh jhad deta hu tumhe dek ke hamesha jaanu;0
65;weary_face raised_fist eggplant sweat_droplets sweat_droplets sweat_droplets sweat_droplets sweat_droplets face_blowing_a_kiss;0
65;unknown;0
65;unknown;0
65;Cutee;0
65;red_heart red_heart;1
65;unknown;0
65;"Hey Taneesha
Vaav India wishes to send you some luxury pieces. Kindly get in touch.
Have a great day!
Team Vaav India";0
66;I Meant Soon;0
66;unknown;0
66;Hi jojo;0
66;Aaaand that show is down the drain too. Pathetic;0
66;I wrote u a Poem please check dm. I would be so grateful spent a  lot of time perfecting it xx;0
66;Does she think she can dance lol;0
66;You’re kidding, right?;0
66;Why are people like you famous? You’re an idiot;0
67;I swear tanee u look absolutely gorgeous;1
67;red_heart;1
67;unknown;0
67;Abhi to gyi thi ye;0
67;face_with_rolling_eyes;0
67;unknown;0
67;unknown;0
67;graduation_cap;0
67;nice;0
67;Bhai tumhare University me sab sundar log hi hai kya;0
67;Congrats happy for you;0
67;unknown;0
67;unknown;0
67;fire fire fire;1
67;unknown;0
67;unknown;0
67;smiling_face_with_heart-eyes smiling_face_with_heart-eyes smiling_face_with_heart-eyes;1
67;unknown;0
68;So cool(mommy);0
68;You performed a very bold character here;0
68;A literal goddess omg spare me to even live in your world;0
68;place_of_worship place_of_worship place_of_worship;0
68;unknown;0
68;Omfgg pretty gworl slayed so hardd;1
68;ribbon growing_heart place_of_worship loudly_crying_face;0
68;unknown;0
68;Dolly;0
68;winking_face red_heart;1
68;unknown;0
68;no lube, no protection, all night, all day, from the kitchen floor to the toilet seat, from the dining table ta the bedroom, from the bathroom sink to the shower, from the front porch to the balcony, vertically, horizontally, quadratic, exponent al, logarithmic, missionary, cowgirl, reverse cow girl, doggy. backwards, forwards sideways, upside down, on the floor, in the bed, on the couch, on a chair, being carried against the wall, outside in a train, on a plane, in the car, on a motorcycle, the bed of a truck, on a trampoline, in a bounce house, in the ool, bent over, in the basement, against the window, have the most toe curling, back arching, leg shaking, dick thribbing, first clenching, ear rining, mouth drooling, ass clenching. nose sniffling, eye watering, eye rolling, hip thrusting. earthquaking, sheet gripping, knuckles cracking, jaw dropping, hair pulling. teeth jitterbug. mind blogging, soul snatching.overstimulating, vile, sloppy, moan inducing, heart wrenching, spine tingli extraordinary, slendid, phenomenal, mouth foaming heavenly, awakening, devils tangos riding one could offer..;0
68;i wanna be as pretty as u;1
68;unknown;0
68;ribbon loudly_crying_face;0
68;unknown;0
68;What did you eat to have that kind of glow up all of a sudden? @srishtigargg;0
68;OKG TV GIRLLLL <<33333333333;1
68;ribbon ribbon ribbon ribbon ribbon sparkles sparkles sparkles growing_heart growing_heart beating_heart beating_heart beating_heart growing_heart beating_heart beating_heart beating_heart mending_heart mending_heart mending_heart mending_heart mending_heart mending_heart mending_heart love_letter love_letter love_letter love_letter love_letter;0
68;unknown;0
69;Uttar pradesh aao tumko khila pila ke aur insan bna ke bhjnge waha reh ke mauga bn gya h;0
69;rolling_on_the_floor_laughing face_with_tears_of_joy hot_beverage red_heart;1
69;unknown;0
69;Cute;0
69;pleading_face;0
69;unknown;0
69;Check DM for an urgent collab;0
69;unknown;0
69;red_heart red_heart red_heart red_heart red_heart raising_hands;1
69;unknown;0
69;Kutte = Cuteae;0
69;raising_hands red_heart;1
69;unknown;0
69;Pretty boy;1
69;Curls looking so luscious in the fourth one;0
69;Bruhh this looks legit fr;0
69;cowboy_hat_face pinched_fingers pinched_fingers;0
69;unknown;0
69;unknown;0
69;smiling_face_with_heart-eyes smiling_face_with_heart-eyes;1
69;unknown;0
69;unknown;0
69;smiling_face_with_heart-eyes smiling_face_with_heart-eyes;1
69;unknown;0
70;Ok ok;0
70;OK_hand;0
70;unknown;0
70;unknown;0
70;red_heart red_heart red_heart;1
70;unknown;0
70;I am so so happy for you !;0
70;red_heart;1
70;unknown;0
70;He is looking like Andrew Garfield;0
70;what a great humble way to enter into Bollywood man !! Kudos;0
70;clapping_hands;0
70;unknown;0
70;unknown;0
70;red_heart;1
70;unknown;0
70;Begum tum Kam mat Karo me karta hu Naa;0
70;smiling_face_with_tear;0
70;unknown;0
70;Maine sach itna Dayan hi nhi diya tha ki ye bhi movie me the  saluting_face;0
70;loved your role and loved the movie ^_^;0
71;You are so beautiful;0
71;smiling_face_with_heart-eyes;1
71;unknown;0
71;ugh pics of us is so grown;0
71;cuteeeeeee;0
71;unknown;0
71;Last one...;0
71;fire fire red_heart red_heart white_heart;1
71;unknown;0
71;4th;0
71;red_heart;1
71;unknown;0
71;Cute cuter cuter;0
71;unknown;0
71;black_heart black_heart smiling_face_with_heart-eyes;1
71;unknown;0
71;"@punk_dolll what if she doesn;t wear anything";0
72;unknown;0
72;fire fire fire fire fire fire fire;1
72;unknown;0
72;Gay;0
72;Bw t shirt kaha se purchase kare hoon;0
72;Size out of stock hai;0
72;smiling_face_with_tear;0
72;unknown;0
72;BRO OUT OF STOCK;0
72;face_with_steam_from_nose face_with_steam_from_nose face_with_steam_from_nose face_with_steam_from_nose;0
72;unknown;0
72;Ek baar ameer ho jau toh tumhara brand he pehnugi bas;0
72;This used to be my ringtone during college days;0
72;grimacing_face;0
72;unknown;0
72;@sugandhgandotra IKR I thought I was trippin;0
73;unknown;0
73;fire sparkles;1
73;unknown;0
73;You make people melt boyyyy;0
73;loudly_crying_face loudly_crying_face loudly_crying_face;0
73;unknown;0
73;Systumm trying to be aesthetic;0
73;I come here everyday;0
73;Ye shirt kaha se li bhaiya aapne?;0
73;More like gay era;0
73;Baby kaha se li ye shirt?;0
73;unknown;0
73;blue_heart;0
73;unknown;0
73;so harry styles coded;0
73;And Chamkila got shot shot;0
74;How did I miss this?;0
74;ye konsi jgah h???;0
74;unknown;0
74;OK_hand;0
74;unknown;0
74;Sir pt dedo pls;0
74;Aisa 3 month transformation mujhe bhi chahiye. Mera to 1 saal mein bhi nahi ho paaya;0
74;loudly_crying_face;0
74;unknown;0
74;And yet I envy your post;0
74;red_heart red_heart pinched_fingers_light_skin_tone pinched_fingers_light_skin_tone;1
74;unknown;0
74;Bahut chill krte ho yaar;0
74;Male pick me lmao;0
75;Imagine what if he met Andrew Garfield there;0
75;Hello Dear! Are you still worried about work? let me help you, we are now recruiting a large number of online part-time jobs. You only need to have a mobile phone and you can do it at home. You can easily earn 200-500 rupees every day.;0
75;backhand_index_pointing_right;0
75;"No upfront investment required
DM ME FOR MORE INFO";0
75;FIFA SONG;0
75;sasta Andrew Garfield;0
75;rolling_on_the_floor_laughing;0
75;unknown;0
75;unknown;0
75;red_heart;1
75;unknown;0
75;unknown;0
75;red_heart;1
75;unknown;0
75;Almost ready to hit out Ranveer Singh at Bollywood.. Great going Vishnu! Hope to see you the main protagonist in movies;0
75;star-struck thumbs_up party_popper hundred_points;0
75;unknown;0
75;Sirra;0
75;fire;1
75;unknown;0
76;Here from even before the godzilla song review;0
76;Bhai big fan;0
76;25L gaye paani mein;0
76;face_with_tears_of_joy;0
76;unknown;0
76;Nice show off;0
76;25 Lakh ka ticket;0
76;face_savoring_food winking_face winking_face winking_face winking_face_with_tongue winking_face_with_tongue winking_face_with_tongue winking_face_with_tongue;0
76;unknown;0
76;Ticket kitne ki li;0
76;face_with_tears_of_joy face_with_tears_of_joy;0
76;unknown;0
76;Kitne ki thi ticket ? 20 - 25 lakh ?;0
76;25Lakh dekar gya bhai shame;0
76;face_with_tears_of_joy raising_hands;0
76;unknown;0
76;25lakhs... That's a joke. And we all are laughing at it.;0
76;25 lakh ki ticket deke success lol;0
77;unknown;0
77;nazar_amulet nazar_amulet;0
77;unknown;0
77;Germany aoo Toh Milke Jaana;0
77;Oh I cannot believe I didn’t see you were in Cannes & Sourh France! Would have loved to have said hello - absolutely adore you guys;0
77;red_heart;1
77;a beautiful couple too xx;0
77;Ofcourse you guys should  light_blue_heart;0
77;nazar_amulet;0
77;unknown;0
77;For my mental peace, yes thank you;0
77;loudly_crying_face;0
77;unknown;0
77;unknown;0
77;red_heart;1
77;unknown;0
77;I think @thevishnukaushal should propose;0
77;red_heart;1
77;unknown;0
77;ring;0
77;unknown;0
77;Cute;0
77;heart_suit;0
77;unknown;0
77;unknown;0
77;smiling_face_with_heart-eyes smiling_face_with_heart-eyes smiling_face_with_heart-eyes;1
77;unknown;0
77;Perfect PUNJABI MUNDA;0
77;red_heart;1
77;PAHADI BULI;0
